
REM INSERTING into SYSTEM.CLIENTES
SET DEFINE OFF;
Insert into SYSTEM.CLIENTES (IDCLIENTE,NOMBRE,APELLIDO,DIRECCION,TELEFONO) values (1,'TechCorp','SA','Av. Central 100','8095551234');
Insert into SYSTEM.CLIENTES (IDCLIENTE,NOMBRE,APELLIDO,DIRECCION,TELEFONO) values (2,'Comercial Beta','SRL','C/Industria 5','8095555678');
Insert into SYSTEM.CLIENTES (IDCLIENTE,NOMBRE,APELLIDO,DIRECCION,TELEFONO) values (3,'Logística XYZ','SAS','Zona Franca 20','8095559012');
Insert into SYSTEM.CLIENTES (IDCLIENTE,NOMBRE,APELLIDO,DIRECCION,TELEFONO) values (4,'Ferretería El Sol','C por A','Carr. Vieja 45','8095553456');
Insert into SYSTEM.CLIENTES (IDCLIENTE,NOMBRE,APELLIDO,DIRECCION,TELEFONO) values (5,'Importadora del Caribe','SRL','Av. 27 de Febrero 300','8095551111');
Insert into SYSTEM.CLIENTES (IDCLIENTE,NOMBRE,APELLIDO,DIRECCION,TELEFONO) values (6,'Grupo Sol','SAS','C/ Max Henríquez Ureña 50','8095552222');
Insert into SYSTEM.CLIENTES (IDCLIENTE,NOMBRE,APELLIDO,DIRECCION,TELEFONO) values (7,'Manufactura Local','EIRL','Autopista Duarte Km 10','8095553333');
Insert into SYSTEM.CLIENTES (IDCLIENTE,NOMBRE,APELLIDO,DIRECCION,TELEFONO) values (8,'Servicios Digitales','SRL','Av. Sarasota 12','8095554444');
Insert into SYSTEM.CLIENTES (IDCLIENTE,NOMBRE,APELLIDO,DIRECCION,TELEFONO) values (9,'Constructora Fuerte','SA','Av. Luperón 105','8095555555');
Insert into SYSTEM.CLIENTES (IDCLIENTE,NOMBRE,APELLIDO,DIRECCION,TELEFONO) values (10,'Plásticos del Este','C por A','Zona Franca San Isidro','8095556666');
Insert into SYSTEM.CLIENTES (IDCLIENTE,NOMBRE,APELLIDO,DIRECCION,TELEFONO) values (11,'Agropecuaria Nacional','SAS','Carretera Mella Km 14','8095557777');
Insert into SYSTEM.CLIENTES (IDCLIENTE,NOMBRE,APELLIDO,DIRECCION,TELEFONO) values (12,'Inversiones Alfa','SRL','Av. Rómulo Betancourt 500','8095558888');
Insert into SYSTEM.CLIENTES (IDCLIENTE,NOMBRE,APELLIDO,DIRECCION,TELEFONO) values (13,'Comercio Global','SAS','C/ Roberto Pastoriza 150','8095559999');
Insert into SYSTEM.CLIENTES (IDCLIENTE,NOMBRE,APELLIDO,DIRECCION,TELEFONO) values (14,'Tekno Soluciones','EIRL','Plaza Central, Piso 3','8095550000');
Insert into SYSTEM.CLIENTES (IDCLIENTE,NOMBRE,APELLIDO,DIRECCION,TELEFONO) values (15,'Transporte Veloz','SA','Av. Charles de Gaulle 25','8095551010');
Insert into SYSTEM.CLIENTES (IDCLIENTE,NOMBRE,APELLIDO,DIRECCION,TELEFONO) values (16,'Alimentos Frescos','SRL','Merca Santo Domingo L-10','8095552020');
REM INSERTING into SYSTEM.EJECUTIVOS
SET DEFINE OFF;
Insert into SYSTEM.EJECUTIVOS (IDEJECUTIVO,NOMBRE,APELLIDO) values (101,'Ana','García');
Insert into SYSTEM.EJECUTIVOS (IDEJECUTIVO,NOMBRE,APELLIDO) values (102,'Luis','Ramírez');
Insert into SYSTEM.EJECUTIVOS (IDEJECUTIVO,NOMBRE,APELLIDO) values (103,'Sofía','Martínez');
Insert into SYSTEM.EJECUTIVOS (IDEJECUTIVO,NOMBRE,APELLIDO) values (104,'Carlos','Valdez');
Insert into SYSTEM.EJECUTIVOS (IDEJECUTIVO,NOMBRE,APELLIDO) values (105,'María','Jiménez');
Insert into SYSTEM.EJECUTIVOS (IDEJECUTIVO,NOMBRE,APELLIDO) values (106,'Fernando','Reyes');
Insert into SYSTEM.EJECUTIVOS (IDEJECUTIVO,NOMBRE,APELLIDO) values (107,'Laura','Díaz');
Insert into SYSTEM.EJECUTIVOS (IDEJECUTIVO,NOMBRE,APELLIDO) values (108,'Miguel','Santana');
Insert into SYSTEM.EJECUTIVOS (IDEJECUTIVO,NOMBRE,APELLIDO) values (109,'Patricia','Núñez');
Insert into SYSTEM.EJECUTIVOS (IDEJECUTIVO,NOMBRE,APELLIDO) values (110,'Javier','Peralta');
REM INSERTING into SYSTEM.VENTAS
SET DEFINE OFF;
Insert into SYSTEM.VENTAS (IDVENTA,IDCLIENTE,FECHAVENTA,MONTO,PRODUCTO) values (2001,1,to_date('16-SEP-25','DD-MON-RR'),50000,'Línea de Crédito');
Insert into SYSTEM.VENTAS (IDVENTA,IDCLIENTE,FECHAVENTA,MONTO,PRODUCTO) values (2002,1,to_date('01-OCT-25','DD-MON-RR'),15000,'Préstamo PYME');
Insert into SYSTEM.VENTAS (IDVENTA,IDCLIENTE,FECHAVENTA,MONTO,PRODUCTO) values (2003,2,to_date('10-SEP-25','DD-MON-RR'),80000,'Fideicomiso');
Insert into SYSTEM.VENTAS (IDVENTA,IDCLIENTE,FECHAVENTA,MONTO,PRODUCTO) values (2004,4,to_date('05-OCT-25','DD-MON-RR'),10000,'Microcrédito');
REM INSERTING into SYSTEM.VISITAS
SET DEFINE OFF;
Insert into SYSTEM.VISITAS (IDVISITA,IDCLIENTE,IDEJECUTIVO,FECHAVISITA,RESULTADO) values (1001,1,101,to_date('01-SEP-25','DD-MON-RR'),'Presentación de producto A');
Insert into SYSTEM.VISITAS (IDVISITA,IDCLIENTE,IDEJECUTIVO,FECHAVISITA,RESULTADO) values (1002,1,101,to_date('15-SEP-25','DD-MON-RR'),'Cierre de negociación');
Insert into SYSTEM.VISITAS (IDVISITA,IDCLIENTE,IDEJECUTIVO,FECHAVISITA,RESULTADO) values (1003,2,102,to_date('05-SEP-25','DD-MON-RR'),'Reunión inicial, potencial alto');
Insert into SYSTEM.VISITAS (IDVISITA,IDCLIENTE,IDEJECUTIVO,FECHAVISITA,RESULTADO) values (1004,3,102,to_date('20-SEP-25','DD-MON-RR'),'Seguimiento de crédito');
Insert into SYSTEM.VISITAS (IDVISITA,IDCLIENTE,IDEJECUTIVO,FECHAVISITA,RESULTADO) values (1005,4,103,to_date('01-OCT-25','DD-MON-RR'),'Cotización de servicio B');
Insert into SYSTEM.VISITAS (IDVISITA,IDCLIENTE,IDEJECUTIVO,FECHAVISITA,RESULTADO) values (1008,7,105,to_date('02-OCT-25','DD-MON-RR'),'Llamada de prospección exitosa');
Insert into SYSTEM.VISITAS (IDVISITA,IDCLIENTE,IDEJECUTIVO,FECHAVISITA,RESULTADO) values (1009,8,105,to_date('05-OCT-25','DD-MON-RR'),'Reunión de levantamiento de requisitos');
Insert into SYSTEM.VISITAS (IDVISITA,IDCLIENTE,IDEJECUTIVO,FECHAVISITA,RESULTADO) values (1010,9,105,to_date('07-OCT-25','DD-MON-RR'),'Cliente interesado en financiamiento');
Insert into SYSTEM.VISITAS (IDVISITA,IDCLIENTE,IDEJECUTIVO,FECHAVISITA,RESULTADO) values (1011,10,106,to_date('04-OCT-25','DD-MON-RR'),'Visita a instalaciones del cliente');
Insert into SYSTEM.VISITAS (IDVISITA,IDCLIENTE,IDEJECUTIVO,FECHAVISITA,RESULTADO) values (1012,11,107,to_date('06-OCT-25','DD-MON-RR'),'Presentación de plataforma digital');
Insert into SYSTEM.VISITAS (IDVISITA,IDCLIENTE,IDEJECUTIVO,FECHAVISITA,RESULTADO) values (1013,12,107,to_date('08-OCT-25','DD-MON-RR'),'Revisión de documentos');
Insert into SYSTEM.VISITAS (IDVISITA,IDCLIENTE,IDEJECUTIVO,FECHAVISITA,RESULTADO) values (1014,13,108,to_date('09-OCT-25','DD-MON-RR'),'Cliente solicita re-cotización');
Insert into SYSTEM.VISITAS (IDVISITA,IDCLIENTE,IDEJECUTIVO,FECHAVISITA,RESULTADO) values (1015,14,108,to_date('10-OCT-25','DD-MON-RR'),'Negociación en curso');
Insert into SYSTEM.VISITAS (IDVISITA,IDCLIENTE,IDEJECUTIVO,FECHAVISITA,RESULTADO) values (1016,15,109,to_date('11-OCT-25','DD-MON-RR'),'Demostración de producto');
Insert into SYSTEM.VISITAS (IDVISITA,IDCLIENTE,IDEJECUTIVO,FECHAVISITA,RESULTADO) values (1017,16,109,to_date('13-OCT-25','DD-MON-RR'),'Cliente confirma interés');
Insert into SYSTEM.VISITAS (IDVISITA,IDCLIENTE,IDEJECUTIVO,FECHAVISITA,RESULTADO) values (1018,5,110,to_date('14-OCT-25','DD-MON-RR'),'Segunda visita, análisis de crédito');
Insert into SYSTEM.VISITAS (IDVISITA,IDCLIENTE,IDEJECUTIVO,FECHAVISITA,RESULTADO) values (1019,7,110,to_date('15-OCT-25','DD-MON-RR'),'Cliente solicita reunión de cierre');
Insert into SYSTEM.VISITAS (IDVISITA,IDCLIENTE,IDEJECUTIVO,FECHAVISITA,RESULTADO) values (1020,10,110,to_date('16-OCT-25','DD-MON-RR'),'Pendiente por firma de contrato');
